-- phpMyAdmin SQL Dump
-- version 5.2.1
-- https://www.phpmyadmin.net/
--
-- Máy chủ: 127.0.0.1:3306
-- Thời gian đã tạo: Th3 28, 2025 lúc 04:04 PM
-- Phiên bản máy phục vụ: 9.1.0
-- Phiên bản PHP: 8.3.14

SET SQL_MODE = "NO_AUTO_VALUE_ON_ZERO";
START TRANSACTION;
SET time_zone = "+00:00";


/*!40101 SET @OLD_CHARACTER_SET_CLIENT=@@CHARACTER_SET_CLIENT */;
/*!40101 SET @OLD_CHARACTER_SET_RESULTS=@@CHARACTER_SET_RESULTS */;
/*!40101 SET @OLD_COLLATION_CONNECTION=@@COLLATION_CONNECTION */;
/*!40101 SET NAMES utf8mb4 */;

--
-- Cơ sở dữ liệu: `solution_b`
--
CREATE DATABASE IF NOT EXISTS `solution_b` DEFAULT CHARACTER SET utf8mb4 COLLATE utf8mb4_unicode_ci;
USE `solution_b`;

-- --------------------------------------------------------

--
-- Cấu trúc bảng cho bảng `orders`
--

DROP TABLE IF EXISTS `orders`;
CREATE TABLE IF NOT EXISTS `orders` (
  `order_id` int NOT NULL AUTO_INCREMENT,
  `user_id` int NOT NULL,
  `updated_at` datetime DEFAULT NULL,
  `created_at` datetime DEFAULT NULL,
  PRIMARY KEY (`order_id`)
) ENGINE=InnoDB AUTO_INCREMENT=37 DEFAULT CHARSET=utf8mb4 COLLATE=utf8mb4_general_ci;

--
-- Đang đổ dữ liệu cho bảng `orders`
--

INSERT INTO `orders` (`order_id`, `user_id`, `updated_at`, `created_at`) VALUES
(1, 1, NULL, NULL),
(2, 2, NULL, NULL),
(3, 1, NULL, NULL),
(4, 5, NULL, NULL),
(5, 1, NULL, NULL),
(6, 6, NULL, NULL),
(7, 10, NULL, NULL),
(8, 20, NULL, NULL),
(9, 9, NULL, NULL),
(10, 7, NULL, NULL),
(11, 7, NULL, NULL),
(12, 7, NULL, NULL),
(13, 8, NULL, NULL),
(14, 1, NULL, NULL),
(15, 5, NULL, NULL),
(16, 19, NULL, NULL),
(17, 18, NULL, NULL),
(18, 15, NULL, NULL),
(19, 20, NULL, NULL),
(20, 9, NULL, NULL),
(21, 8, NULL, NULL),
(22, 5, NULL, NULL),
(23, 9, NULL, NULL),
(24, 10, NULL, NULL),
(25, 11, NULL, NULL),
(26, 12, NULL, NULL),
(27, 12, NULL, NULL),
(28, 9, NULL, NULL),
(29, 5, NULL, NULL),
(30, 7, NULL, NULL),
(31, 8, NULL, NULL),
(32, 5, NULL, NULL),
(33, 5, NULL, NULL),
(34, 14, NULL, NULL),
(35, 15, NULL, NULL),
(36, 20, NULL, NULL);

-- --------------------------------------------------------

--
-- Cấu trúc bảng cho bảng `order_details`
--

DROP TABLE IF EXISTS `order_details`;
CREATE TABLE IF NOT EXISTS `order_details` (
  `order_detail_id` int NOT NULL AUTO_INCREMENT,
  `order_id` int NOT NULL,
  `product_id` int NOT NULL,
  `updated_at` datetime DEFAULT NULL,
  `created_at` datetime DEFAULT NULL,
  PRIMARY KEY (`order_detail_id`)
) ENGINE=InnoDB AUTO_INCREMENT=22 DEFAULT CHARSET=utf8mb4 COLLATE=utf8mb4_general_ci;

--
-- Đang đổ dữ liệu cho bảng `order_details`
--

INSERT INTO `order_details` (`order_detail_id`, `order_id`, `product_id`, `updated_at`, `created_at`) VALUES
(1, 1, 1, NULL, NULL),
(2, 1, 2, NULL, NULL),
(3, 1, 3, NULL, NULL),
(4, 1, 4, NULL, NULL),
(5, 2, 1, NULL, NULL),
(6, 2, 9, NULL, NULL),
(7, 3, 1, NULL, NULL),
(8, 4, 1, NULL, NULL),
(9, 4, 1, NULL, NULL),
(10, 4, 1, NULL, NULL),
(11, 5, 1, NULL, NULL),
(12, 5, 1, NULL, NULL),
(13, 5, 1, NULL, NULL),
(14, 6, 1, NULL, NULL),
(15, 7, 1, NULL, NULL),
(16, 7, 1, NULL, NULL),
(17, 8, 1, NULL, NULL),
(18, 8, 1, NULL, NULL),
(19, 9, 1, NULL, NULL),
(20, 9, 1, NULL, NULL),
(21, 10, 1, NULL, NULL);

-- --------------------------------------------------------

--
-- Cấu trúc bảng cho bảng `products`
--

DROP TABLE IF EXISTS `products`;
CREATE TABLE IF NOT EXISTS `products` (
  `product_id` int NOT NULL AUTO_INCREMENT,
  `product_name` varchar(255) COLLATE utf8mb4_general_ci NOT NULL,
  `product_price` double NOT NULL,
  `product_description` text COLLATE utf8mb4_general_ci NOT NULL,
  `updated_at` datetime DEFAULT NULL,
  `created_at` datetime DEFAULT NULL,
  PRIMARY KEY (`product_id`)
) ENGINE=InnoDB AUTO_INCREMENT=13 DEFAULT CHARSET=utf8mb4 COLLATE=utf8mb4_general_ci;

--
-- Đang đổ dữ liệu cho bảng `products`
--

INSERT INTO `products` (`product_id`, `product_name`, `product_price`, `product_description`, `updated_at`, `created_at`) VALUES
(1, 'MacBook Air M2 (13-inch)', 1099, 'CPU: M2 (8-core) / GPU: M2 (8- or 10-core) / RAM: 8GB, 16GB, 24GB / Storage: 256GB, 512GB, 1TB, 2TB / Display: 13.6-inch IPS display, 2560 x 1664, 60Hz, no touch option / Dimensions: 11.97 x 8.46 x 0.44 inches / Weight: 2.7 pounds', NULL, NULL),
(2, 'Acer Chromebook Spin 714 ', 469, 'CPU: M2 (8-core) / GPU: M2 (8- or 10-core) / RAM: 8GB, 16GB, 24GB / Storage: 256GB, 512GB, 1TB, 2TB / Display: 13.6-inch IPS display, 2560 x 1664, 60Hz, no touch option / Dimensions: 11.97 x 8.46 x 0.44 inches / Weight: 2.7 poundsCPU: Intel Core i5-1335U / GPU: Intel Iris Xe / RAM: 8GB / Storage: 256GB NVMe SSD / Display: 14-inch IPS, 1920 x 1200, multitouch / Dimensions: 12.31 x 8.82 x 0.71 inches / Weight: 3.1 pounds', NULL, NULL),
(3, 'HP Spectre x360 13.5', 1510, 'CPU: Intel Core i5-1335U, i7-1355U / GPU: Intel Iris Xe / RAM: 16GB, 32GB / Storage: 512GB, 1TB, 2TB / Display: 13.5-inch IPS, 60Hz, 1920 x 1280 / OLED, 3000 x 2000, touch option / Dimensions: 11.75 x 8.67 x 0.67 inches / Weight: 3.01 pounds', NULL, NULL),
(4, 'Asus ROG Strix Scar 17 X3D', 3077, 'CPU: AMD Ryzen 9 7945HX3D / GPU: Nvidia Geforce RTX 4090 / RAM: 32GB / Storage: 1TB / Display: 17-inch IPS QHD, 240Hz display, 3ms, 300 nits, 100 percent DCI-P3 / Dimensions: 15.55 x 11.1 x 1.11 inches / Weight: 6.51 pounds', NULL, NULL),
(5, '16-inch MacBook Pro with M3 Pro / Max (2023)', 2499, 'CPU: M3 Pro, M3 Max / GPU: M3 Pro, M3 Max / RAM: 18GB - 36GB (M3 Pro), 36GB - 128 GB (M3 Max) / Storage: 512GB, 1TB, 2TB, 4TB, 8TB / Display: 14.2 / 16.2-inch Liquid Retina XDR, 3024 x 1964 / 3456 x 2234, adaptive refresh up to 120Hz, no touch option / Dimensions: 12.31 x 8.71 x 0.61 / 14.01 x 9.77 x 0.66 inches / Weight: 3.5 / 4.7 pounds (M3 Pro), 3.6 / 4.8 pounds (M3 Max)', NULL, NULL),
(6, 'Asus ROG Zephyrus G14', 849, 'CPU: AMD Ryzen 9 7940 HS / GPU: GeForce RTX 4070, RTX 4080 / RAM: 8GB, 16GB / Storage: 512GB, 1TB / Display: 14-inch IPS, 2560 x 1600, 120Hz, no touch option / Dimensions: 12.28 x 8.94 x 0.73 / Weight: 3.64 poundsCPU: Intel Core i5-1340P / i7-1360P / 17-1370P, AMD Ryzen 7 7840U / GPU: Intel UHD / Iris Xe, Radeon 700M / RAM: 8GB, 16GB, 32GB, 64GB / Storage: 250GB, 500GB, 1TB, 2TB / Display: 13.5 inch IPS, 2256 x 1540, 60Hz, no touch option / Dimensions: 11.68 x 9.01 x 0.62 inches / Weight: 2.87 pounds', NULL, NULL),
(7, 'Framework Laptop 13 (AMD)', 1099, 'CPU: M2 (8-core) / GPU: M2 (8- or 10-core) / RAM: 8GB, 16GB, 24GB / Storage: 256GB, 512GB, 1TB, 2TB / Display: 13.6-inch IPS display, 2560 x 1664, 60Hz, no touch option / Dimensions: 11.97 x 8.46 x 0.44 inches / Weight: 2.7 pounds', NULL, NULL),
(8, 'Asus Chromebook Plus CX34', 399, 'CPU: Intel Core i3-1215U / GPU: Intel UHD / RAM: 8GB / Storage: 128GB, 256GB UFS / Display: 14-inch IPS, 1920 x 1080, 60Hz, non-touch / Dimensions: 12.9 x 8.4 x 0.74 inches / Weight: 3.17 pounds', NULL, NULL),
(9, 'Samsung Galaxy A54', 1099, 'CPU: M2 (8-core) / GPU: M2 (8- or 10-core) / RAM: 8GB, 16GB, 24GB / Storage: 256GB, 512GB, 1TB, 2TB / Display: 13.6-inch IPS display, 2560 x 1664, 60Hz, no touch option / Dimensions: 11.97 x 8.46 x 0.44 inches / Weight: 2.7 pounds', NULL, NULL),
(10, 'Google Pixel 8', 1099, 'CPU: M2 (8-core) / GPU: M2 (8- or 10-core) / RAM: 8GB, 16GB, 24GB / Storage: 256GB, 512GB, 1TB, 2TB / Display: 13.6-inch IPS display, 2560 x 1664, 60Hz, no touch option / Dimensions: 11.97 x 8.46 x 0.44 inches / Weight: 2.7 pounds', NULL, NULL),
(11, 'Apple iPhone 15', 1099, 'CPU: M2 (8-core) / GPU: M2 (8- or 10-core) / RAM: 8GB, 16GB, 24GB / Storage: 256GB, 512GB, 1TB, 2TB / Display: 13.6-inch IPS display, 2560 x 1664, 60Hz, no touch option / Dimensions: 11.97 x 8.46 x 0.44 inches / Weight: 2.7 pounds', NULL, NULL),
(12, 'Apple iPhone 15 Pro Max.', 2000, 'CPU: M2 (8-core) / GPU: M2 (8- or 10-core) / RAM: 8GB, 16GB, 24GB / Storage: 256GB, 512GB, 1TB, 2TB / Display: 13.6-inch IPS display, 2560 x 1664, 60Hz, no touch option / Dimensions: 11.97 x 8.46 x 0.44 inches / Weight: 2.7 pounds', NULL, NULL);

-- --------------------------------------------------------

--
-- Cấu trúc bảng cho bảng `users`
--

DROP TABLE IF EXISTS `users`;
CREATE TABLE IF NOT EXISTS `users` (
  `user_id` int NOT NULL AUTO_INCREMENT,
  `user_name` varchar(25) COLLATE utf8mb4_general_ci NOT NULL,
  `user_email` varchar(55) COLLATE utf8mb4_general_ci NOT NULL,
  `user_pass` varchar(255) COLLATE utf8mb4_general_ci NOT NULL,
  `updated_at` datetime DEFAULT NULL,
  `created_at` datetime DEFAULT NULL,
  PRIMARY KEY (`user_id`)
) ENGINE=InnoDB AUTO_INCREMENT=1075 DEFAULT CHARSET=utf8mb4 COLLATE=utf8mb4_general_ci;

--
-- Đang đổ dữ liệu cho bảng `users`
--

INSERT INTO `users` (`user_id`, `user_name`, `user_email`, `user_pass`, `updated_at`, `created_at`) VALUES
(1, 'Lionel Messi', 'jfmulder@me.com', 'sFN1m1FEwH3e0Tt', NULL, NULL),
(2, 'Neymar', 'neymar@gmail.com', 'm1Me4c\'K}526', NULL, NULL),
(3, 'Cristiano Ronaldo', 'ronaldo@gmail.com', '[lNubvLXM%K]vfNG', NULL, NULL),
(4, 'Frank Lampard', 'citizenl@me.com', '6^ajcu\\-r*LHVDQ|', NULL, NULL),
(5, 'Luis Suárez', 'jhardin@icloud.com', 'CsvsN[4VD,h\'+nxt', NULL, NULL),
(6, 'Romelu Lukaku', '\ndurist@aol.com', 'xM%#Uw$0N!P&\\t^S', NULL, NULL),
(7, 'Ricardo Kak', 'Ricardo @gmail.com', '3-6ih\')|vD<gt4Ia', NULL, NULL),
(8, 'Roy Keane', 'Keane@gmail.com', 'OEe}&wcuj$GEdfUi', NULL, NULL),
(9, 'Wayne Rooney', 'tarreau@gmail.com', '=2(*n///\\Q,${2Ig', NULL, NULL),
(10, 'Thierry Henry', 'jigsaw@gmail.com', 'D/\\p_S~L)k\'j`]gE', NULL, NULL),
(11, 'Zlatan Ibrahimovic', 'nimaclea@live.com', 'y2y\\|E$&prBo}mu3', NULL, NULL),
(12, 'Kylian Mbappé', 'tbeck@sbcglobal.net', 'L\"C-rXo16c!`9V-[', NULL, NULL),
(13, 'Robert Lewandowski', 'kmiller@outlook.com', 'Bx:,OqVPJ];sP#p_', NULL, NULL),
(14, 'Erling Haaland', 'stecoop@me.com', 'stecoop@me.com', NULL, NULL),
(15, '\nHarry Kane', 'staikos@comcast.net', 'staikos@comcast.net', NULL, NULL),
(16, 'Jude Bellingham', 'richard@yahoo.ca', 'Bellingham', NULL, NULL),
(17, 'Mohamed Salah', 'dburrows@outlook.com', 'Salah', NULL, NULL),
(18, '\nKevin De Bruyne', 'stewwy@gmail.com', 'Bruyne', NULL, NULL),
(19, 'Rodri', 'wmszeliga@live.com', 'Martínez', NULL, NULL),
(20, 'Lautaro Martínez', 'ajohnson@msn.com', '|iZzb4t%/N<8+gKM', NULL, NULL),
(21, 'Bukayo Saka', 'ahmad@sbcglobal.net', 'ahmad@sbcglobal.net', NULL, NULL),
(22, 'Antoine Griezmann', 'djupedal@comcast.net', 'djupedal@comcast.net', NULL, NULL),
(23, 'Ilkay Gündogan', 'danzigism@live.com', 'danzigism@live.com', NULL, NULL),
(24, 'Jamal Musiala', 'slanglois@mac.com', 'slanglois@mac.com', NULL, NULL),
(25, 'Rúben Dias', 'solomon@yahoo.ca', 'solomon@yahoo.ca', NULL, NULL),
(26, '2', '2@gmail.com', '2', NULL, NULL),
(27, '2', '2@gmail.com', '2', NULL, NULL),
(28, '2', '2@gmail.com', '2', NULL, NULL),
(29, '2', '2@gmail.com', '2', NULL, NULL),
(30, '2', '2@gmail.com', '2', NULL, NULL),
(31, '2', '2@gmail.com', '2', NULL, NULL),
(32, '2', '2@gmail.com', '2', NULL, NULL),
(33, '2', '2@gmail.com', '2', NULL, NULL),
(34, '2', '2@gmail.com', '2', NULL, NULL),
(35, '2', '2@gmail.com', '2', NULL, NULL),
(36, '2', '2@gmail.com', '2', NULL, NULL),
(37, '2', '2@gmail.com', '2', NULL, NULL),
(99, '99', '99@gmail.com', '99', NULL, NULL),
(100, '99', '99@gmail.com', '99', NULL, NULL),
(101, '99', '99@gmail.com', '99', NULL, NULL),
(102, '99', '99@gmail.com', '99', NULL, NULL),
(103, '99', '99@gmail.com', '99', NULL, NULL),
(104, '99', '99@gmail.com', '99', NULL, NULL),
(105, '99', '99@gmail.com', '99', NULL, NULL),
(106, '99', '99@gmail.com', '99', NULL, NULL),
(107, '99', '99@gmail.com', '99', NULL, NULL),
(108, '99', '99@gmail.com', '99', NULL, NULL),
(109, '99', '99@gmail.com', '99', NULL, NULL),
(110, '99', '99@gmail.com', '99', NULL, NULL),
(111, '99', '99@gmail.com', '99', NULL, NULL),
(112, '99', '99@gmail.com', '99', NULL, NULL),
(999, '999', '999@gmail.com', '999', NULL, NULL),
(1000, '999', '999@gmail.com', '999', NULL, NULL),
(1001, '999', '999@gmail.com', '999', NULL, NULL),
(1002, '999', '999@gmail.com', '999', NULL, NULL),
(1003, '999', '999@gmail.com', '999', NULL, NULL),
(1004, '999', '999@gmail.com', '999', NULL, NULL),
(1005, '999', '999@gmail.com', '999', NULL, NULL),
(1006, '999', '999@gmail.com', '999', NULL, NULL),
(1007, '999', '999@gmail.com', '999', NULL, NULL),
(1008, '999', '999@gmail.com', '999', NULL, NULL),
(1009, '999', '999@gmail.com', '999', NULL, NULL),
(1010, '999', '999@gmail.com', '999', NULL, NULL),
(1011, '999', '999@gmail.com', '999', NULL, NULL),
(1012, '999', '999@gmail.com', '999', NULL, NULL),
(1013, '999', '999@gmail.com', '999', NULL, NULL),
(1014, '999', '999@gmail.com', '999', NULL, NULL),
(1015, '999', '999@gmail.com', '999', NULL, NULL),
(1016, '999', '999@gmail.com', '999', NULL, NULL),
(1017, '999', '999@gmail.com', '999', NULL, NULL),
(1018, '999', '999@gmail.com', '999', NULL, NULL),
(1019, '999', '999@gmail.com', '999', NULL, NULL),
(1020, '999', '999@gmail.com', '999', NULL, NULL),
(1021, '999', '999@gmail.com', '999', NULL, NULL),
(1022, '999', '999@gmail.com', '999', NULL, NULL),
(1023, '999', '999@gmail.com', '999', NULL, NULL),
(1024, '999', '999@gmail.com', '999', NULL, NULL),
(1025, '999', '999@gmail.com', '999', NULL, NULL),
(1026, '999', '999@gmail.com', '999', NULL, NULL),
(1027, '999', '999@gmail.com', '999', NULL, NULL),
(1028, '999', '999@gmail.com', '999', NULL, NULL),
(1029, '999', '999@gmail.com', '999', NULL, NULL),
(1030, '999', '999@gmail.com', '999', NULL, NULL),
(1031, '999', '999@gmail.com', '999', NULL, NULL),
(1032, '999', '999@gmail.com', '999', NULL, NULL),
(1033, '999', '999@gmail.com', '999', NULL, NULL),
(1034, '999', '999@gmail.com', '999', NULL, NULL),
(1035, '999', '999@gmail.com', '999', NULL, NULL),
(1036, '999', '999@gmail.com', '999', NULL, NULL),
(1037, '999', '999@gmail.com', '999', NULL, NULL),
(1038, '999', '999@gmail.com', '999', NULL, NULL),
(1039, '999', '999@gmail.com', '999', NULL, NULL),
(1040, '999', '999@gmail.com', '999', NULL, NULL),
(1041, '999', '999@gmail.com', '999', NULL, NULL),
(1042, '999', '999@gmail.com', '999', NULL, NULL),
(1043, '999', '999@gmail.com', '999', NULL, NULL),
(1044, '999', '999@gmail.com', '999', NULL, NULL),
(1045, '999', '999@gmail.com', '999', NULL, NULL),
(1046, '999', '999@gmail.com', '999', NULL, NULL),
(1047, '999', '999@gmail.com', '999', NULL, NULL),
(1048, '999', '999@gmail.com', '999', NULL, NULL),
(1049, '999', '999@gmail.com', '999', NULL, NULL),
(1050, '999', '999@gmail.com', '999', NULL, NULL),
(1051, '999', '999@gmail.com', '999', NULL, NULL),
(1052, '999', '999@gmail.com', '999', NULL, NULL),
(1053, '999', '999@gmail.com', '999', NULL, NULL),
(1054, '999', '999@gmail.com', '999', NULL, NULL),
(1055, '999', '999@gmail.com', '999', NULL, NULL),
(1056, '999', '999@gmail.com', '999', NULL, NULL),
(1057, '999', '999@gmail.com', '999', NULL, NULL),
(1058, '999', '999@gmail.com', '999', NULL, NULL),
(1059, '999', '999@gmail.com', '999', NULL, NULL),
(1060, '999', '999@gmail.com', '999', NULL, NULL),
(1061, '999', '999@gmail.com', '999', NULL, NULL),
(1062, '999', '999@gmail.com', '999', NULL, NULL),
(1063, '999', '999@gmail.com', '999', NULL, NULL),
(1064, '999', '999@gmail.com', '999', NULL, NULL),
(1065, '999', '999@gmail.com', '999', NULL, NULL),
(1066, '999', '999@gmail.com', '999', NULL, NULL),
(1067, '999', '999@gmail.com', '999', NULL, NULL),
(1068, '999', '999@gmail.com', '999', NULL, NULL),
(1069, '999', '999@gmail.com', '999', NULL, NULL),
(1070, '999', '999@gmail.com', '999', NULL, NULL),
(1071, '999', '999@gmail.com', '999', NULL, NULL),
(1072, '999', '999@gmail.com', '999', NULL, NULL),
(1073, '999', '999@gmail.com', '999', NULL, NULL),
(1074, '999', '999@gmail.com', '999', NULL, NULL);
COMMIT;

/*!40101 SET CHARACTER_SET_CLIENT=@OLD_CHARACTER_SET_CLIENT */;
/*!40101 SET CHARACTER_SET_RESULTS=@OLD_CHARACTER_SET_RESULTS */;
/*!40101 SET COLLATION_CONNECTION=@OLD_COLLATION_CONNECTION */;

---1. Liệt kê các hóa đơn của khách hàng, thông tin hiển thị gồm: mã user, tên user, mã hóa đơn
SELECT users.user_id, users.user_name, orders.order_id 
FROM users JOIN orders ON users.user_id = orders.user_id;
---2. Liệt kê số lượng các hóa đơn của khách hàng: mã user, tên user, số đơn hàng
SELECT users.user_id, users.user_name, COUNT(orders.order_id) AS total_orders 
FROM users LEFT JOIN orders ON users.user_id = orders.user_id GROUP BY users.user_id, users.user_name;
---3. Liệt kê thông tin hóa đơn: mã đơn hàng, số sản phẩm
SELECT order_id, COUNT(product_id) AS total_products FROM order_details GROUP BY order_id;
---4. Liệt kê thông tin mua hàng của người dùng: mã user, tên user, mã đơn hàng, tên sản phẩm. Lưu ý: gôm nhóm theo đơn hàng, tránh hiển thị xen kẻ các đơn hàng với nhau
SELECT u.user_id, u.user_name, o.order_id, GROUP_CONCAT(p.product_name SEPARATOR ', ') AS products 
FROM users u JOIN orders o ON u.user_id = o.user_id 
JOIN order_details od ON o.order_id = od.order_id 
JOIN products p ON od.product_id = p.product_id 
GROUP BY o.order_id, u.user_id, u.user_name;
---5. Liệt kê 7 người dùng có số lượng đơn hàng nhiều nhất, thông tin hiển thị gồm: mã user, tên user, số lượng đơn hàng
SELECT u.user_id, u.user_name, COUNT(o.order_id) AS order_count 
FROM users u JOIN orders o ON u.user_id = o.user_id 
GROUP BY u.user_id, u.user_name 
ORDER BY order_count DESC LIMIT 7;
---6. Liệt kê 7 người dùng mua sản phẩm có tên: Samsung hoặc Apple trong tên sản phẩm, thông tin hiển thị gồm: mã user, tên user, mã đơn hàng, tên sản phẩm
SELECT DISTINCT u.user_id, u.user_name, o.order_id, p.product_name 
FROM users u JOIN orders o ON u.user_id = o.user_id JOIN order_details od ON o.order_id = od.order_id 
JOIN products p ON od.product_id = p.product_id 
WHERE p.product_name LIKE '%Samsung%' OR p.product_name LIKE '%Apple%' LIMIT 7;
---7. Liệt kê danh sách mua hàng của user bao gồm giá tiền của mỗi đơn hàng, thông tin hiển thị gồm: mã user, tên user, mã đơn hàng, tổng tiền
SELECT u.user_id, u.user_name, o.order_id, SUM(p.product_price) AS total_price 
FROM users u JOIN orders o ON u.user_id = o.user_id JOIN order_details od ON o.order_id = od.order_id 
JOIN products p ON od.product_id = p.product_id 
GROUP BY u.user_id, u.user_name, o.order_id;
---8. Liệt kê danh sách mua hàng của user (chỉ lấy đơn hàng có giá trị lớn nhất)
SELECT user_id, user_name, order_id, total_price
FROM (
    SELECT users.user_id, users.user_name, orders.order_id, 
           SUM(products.product_price) AS total_price,
           RANK() OVER (PARTITION BY users.user_id ORDER BY SUM(products.product_price) DESC) AS rank_order
    FROM users
    JOIN orders ON users.user_id = orders.user_id
    JOIN order_details ON orders.order_id = order_details.order_id
    JOIN products ON order_details.product_id = products.product_id
    GROUP BY users.user_id, users.user_name, orders.order_id
) AS ranked_orders
WHERE rank_order = 1;